,Genes
0,TMSB4X
1,SFTPB
2,CD74
3,VIM
4,S100A6
5,A2M
6,TMSB10
7,FN1
8,SAT1
9,FTH1
10,B2M
11,SFTPA1
12,OAZ1
13,COL3A1
14,MCL1
15,FTL
16,LYZ
17,SPARC
18,MGP
19,ACTB
20,APOE
21,MT-CO3
22,CTSB
23,APLP2
24,MT-ND4L
25,MUC1
26,SELENOW
27,PSAP
28,COL1A2
29,IGFBP7
30,ANXA2
31,AHNAK
32,MYL6
33,CST3
34,LGALS3BP
35,DCN
36,UBA52
37,BRI3
38,LMNA
39,NPC2
40,DUSP1
41,RHOB
42,EPAS1
43,PIGR
44,CCNL2
45,C3
46,MT-ND4
47,CTSZ
48,SLC34A2
49,MT-CO2
50,GPX4
51,MT-ND6
52,SQSTM1
53,WFDC2
54,GSTP1
55,CD9
56,FOS
57,PFN1
58,ZFP36L1
59,RNASE1
60,LUM
61,GLUL
62,HNRNPA2B1
63,CCNI
64,HSPB1
65,MT-CYB
66,JUN
67,CEBPD
68,CIRBP
69,DDX5
70,APP
71,COL1A1
72,CSRP1
73,ASPH
74,TXNIP
75,RACK1
76,SERF2
77,CD44
78,S100A10
79,SELENOP
80,JUND
81,TIMP3
82,LGALS1
83,MYL9
84,TPM1
85,XBP1
86,CAPN2
87,ZFP36
88,TIMP1
89,TAPBP
90,SOD2
91,LGALS3
92,CD55
93,CTNND1
94,ADAR
95,CD63
96,ANXA11
97,EZR
98,TAGLN
99,LAMP1
100,BGN
101,ARRDC3
102,COL6A3
103,AHR
104,WSB1
105,SYNGR2
106,CFLAR
107,PRKAR1A
108,CAST
109,CNN2
110,STOM
111,TIMP2
112,PTGDS
113,TSPAN3
114,HSP90AA1
115,TGFBR2
116,IL32
117,JUNB
118,HNRNPH3
119,MACF1
120,AQP1
121,ARHGDIB
122,LPCAT1
123,IFI30
124,YBX3
125,CFL1
126,OGT
127,PSME1
128,CNN3
129,GUK1
130,VAMP8
131,CLU
132,VMP1
133,CRIP1
134,SERPINA1
135,CTSH
136,CALD1
137,PLXNB2
138,COL6A2
139,GRN
140,CD47
141,SPINT2
142,SH3BGRL3
143,LITAF
144,KRT8
145,SYNE2
146,EEF2
147,CRTAP
148,ANXA1
149,ENO1
150,AEBP1
151,PECAM1
152,S100A4
153,VEGFA
154,COL4A2
155,MMP2
156,LTA4H
157,SERPING1
158,TOMM7
159,COL6A1
160,HNRNPA3
161,DSTN
162,CTDSP2
163,TRAM1
164,KLF6
165,PNRC1
166,OGA
167,BTG1
168,SDC4
169,NUPR1
170,IGFBP4
171,EGR1
172,HSPA8
173,MAT2A
174,LUC7L3
175,RHOA
176,CTTN
177,TM4SF1
178,TBC1D9B
179,TAGLN2
180,NAPSA
181,ANXA5
182,RSRP1
183,MAGED2
184,C1S
185,SPTAN1
186,MYH9
187,LENG8
188,ATN1
189,EIF4A1
190,MBNL1
191,GSN
192,S100A11
193,SRGN
194,ATP1B1
195,WNK1
196,BRD2
197,ACTG1
198,C12orf57
199,CTSD
200,BHLHE40
201,FLNA
202,NDUFA4
203,LTBP3
204,ELF3
205,ICAM1
206,SSR2
207,TSC22D3
208,LGMN
209,GPX3
210,TPM2
211,LY6E
212,SERPINB1
213,MT-ND1
214,BST2
215,WDR26
216,CCN1
217,ARGLU1
218,TRIP12
219,PON2
220,MLPH
221,YWHAZ
222,ADI1
223,RAB14
224,ATP11A
225,ALDH2
226,EHBP1L1
227,RRBP1
228,CTNNA1
229,ARPC1B
230,NBL1
231,QKI
232,MAP4
233,ZYX
234,CYB5A
235,TM9SF2
236,CHCHD2
237,EID1
238,ALCAM
239,CTSS
240,NEK6
241,COL4A1
242,GNB1
243,TTC3
244,PLD3
245,IFI27
246,PLXND1
247,KRT7
248,OS9
249,NUCB1
250,EPCAM
251,DYNC1LI2
252,HNRNPF
253,RGCC
254,CD46
255,GABARAP
256,RBM33
257,TGM2
258,ANKHD1
259,LCP1
260,C1QA
261,SEC31A
262,POLR2L
263,C1R
264,ITM2B
265,RAC1
266,SLC40A1
267,BTG2
268,CD151
269,SERP1
270,EIF3A
271,SLC38A2
272,ERGIC3
273,LASP1
274,ACTN4
275,PTTG1IP
276,AKT1
277,ANAPC16
278,ZFP36L2
279,YBX1
280,TACC1
281,CEACAM6
282,TM9SF3
283,VPS13C
284,GPRC5A
285,TXNDC5
286,CD2AP
287,SELENOF
288,TGOLN2
289,SPI1
290,LTBP2
291,ANKRD10
292,SLTM
293,STAU2
294,S100A13
295,TCIM
296,RABGAP1L
297,SPAG9
298,PAM
299,SFTPC
300,HNRNPA0
301,SLK
302,CALU
303,DST
304,DPYSL2
305,SLPI
306,MDM4
307,PEBP1
308,MSN
309,NCOR2
310,IFI6
311,UBE2D3
312,USP34
313,IFI16
314,IKBKB
315,SEL1L3
316,SGK1
317,LAMTOR4
318,KMT2C
319,GNAQ
320,MT-ND2
321,LBH
322,CALM2
323,RBPMS
324,MYO6
325,MTCH1
326,CLINT1
327,CAPG
328,PDXK
329,PJA2
330,ESYT2
331,STAT3
332,DYNLL2
333,DHCR24
334,C1QC
335,SNX1
336,DHX15
337,RAB5C
338,STAT1
339,GNB2
340,DAZAP2
341,CCN2
342,BAG1
343,NIBAN2
344,DNM2
345,IFITM3
346,TRA2A
347,UBE2I
348,PATJ
349,KIF5B
350,SMARCA5
351,MYOF
352,NFKBIA
353,ENG
354,HIPK3
355,TNFRSF1A
356,CALCOCO2
357,CSDE1
358,ARL6IP4
359,CHD2
360,AKAP9
361,NUMA1
362,PAFAH1B1
363,HSP90AB1
364,USP9X
365,JCHAIN
366,VEGFB
367,SRSF5
368,FAM120A
369,RERE
370,TAX1BP3
371,IER2
372,ACADVL
373,FNDC3B
374,RAB11B
375,SERINC1
376,TACSTD2
377,AGRN
378,DDX17
379,GNS
380,SPIN1
381,GSTK1
382,ARCN1
383,TMEM219
384,CAV2
385,PTPRF
386,N4BP2L2
387,SPTSSA
388,CYB5R3
389,TSPAN13
390,RBM3
391,SUMO3
392,TRIR
393,TYMP
394,HNRNPUL1
395,RNF213
396,UBC
397,ACTA2
398,KCTD12
399,SUMF2
400,PARP14
401,SPARCL1
402,TPP1
403,ARHGEF2
404,LAPTM4A
405,KMT2E
406,STAT6
407,REXO2
408,MBD2
409,STT3B
410,CTDSP1
411,CNBP
412,FXYD5
413,UTRN
414,ASAH1
415,CLPTM1L
416,COPA
417,ETS1
418,DYNLRB1
419,RAB11FIP1
420,SELENOH
421,CLIP1
422,AFF4
423,PLEC
424,TCF25
425,PNISR
426,SRPRA
427,TAX1BP1
428,PTPN12
429,BMPR2
430,FCGRT
431,SERPINB6
432,UFC1
433,SETD5
434,SPATS2L
435,ITPR3
436,SP100
437,MT-ATP6
438,C11orf58
439,SNRNP200
440,GPNMB
441,STK24
442,TFRC
443,ELN
444,SDC1
445,EDEM1
446,ARAP1
447,ITGB1
448,EVL
449,UQCR10
450,VPS13B
451,DCAF8
452,CSNK1D
453,EML4
454,MXRA7
455,SPG7
456,TOP1
457,EFCAB14
458,SLC9A3R2
459,PPP4R1
460,RHOC
461,TUFM
462,YAP1
463,GRINA
464,SRSF2
465,CD68
466,PLAAT4
467,NDFIP1
468,RUNX1
469,LRPAP1
470,PLS3
471,NDUFV2
472,TMEM50A
473,NFKBIZ
474,SERPINH1
475,AKAP13
476,STX16
477,TRIM8
478,CPM
479,ENAH
480,NDUFA2
481,CLDN4
482,CAV1
483,EHD2
484,PBX2
485,RAB13
486,EIF5
487,RBM6
488,CORO1C
489,CCND1
490,KLF2
491,HDLBP
492,UBXN4
493,MAF1
494,NDUFB9
495,SAMHD1
496,ZNF644
497,SEC62
498,ADD1
499,NUCKS1
500,HNRNPU
501,MICOS10
502,TLE5
503,LMAN1
504,C1QB
505,NCOA7
506,ATRX
507,MYLK
508,CEBPB
509,EIF3B
510,LAPTM5
511,COPB1
512,NPLOC4
513,ETS2
514,MLLT6
515,TMEM59
516,PLXDC2
517,VAT1
518,CALR
519,STAG2
520,WDR33
521,CLTA
522,SLC38A10
523,STAT2
524,BAG6
525,GOLPH3
526,SOCS3
527,RAB10
528,NEDD4L
529,NKX2-1
530,ILF3
531,HNRNPUL2
532,RANBP9
533,USF2
534,TRIM22
535,CDC37
536,VASP
537,F11R
538,CD81
539,PLEKHB2
540,B4GALT1
541,SFTA3
542,SCP2
543,TNIP1
544,EP300
545,TSPO
546,FOXP1
547,LRP1
548,AKR1A1
549,CYBA
550,AFDN
551,ASH1L
552,LAMTOR1
553,REEP5
554,UGCG
555,PPP1R12B
556,ARIH1
557,EIF4EBP2
558,COL5A1
559,S100A16
560,GPBP1
561,LUC7L
562,M6PR
563,ATP5F1E
564,MIDN
565,ECH1
566,MBTPS1
567,MPRIP
568,PEA15
569,MTDH
570,EFR3A
571,ARHGAP18
572,JMJD1C
573,CLIC1
574,CNDP2
575,TMED7
576,IFT57
577,SFTPD
578,ALDH1A1
579,TYROBP
580,ERBIN
581,ALDH3A2
582,IL1R1
583,ATP5MC2
584,SEC11A
585,COX7C
586,KDM2A
587,CTSC
588,SLC25A6
589,KRT19
590,FIS1
591,ITM2C
592,PDCD4
593,PPP1CB
594,PLPP3
595,USP25
596,NCL
597,PRKACA
598,EEF1B2
599,INF2
600,C1orf198
601,LAPTM4B
602,IFNGR2
603,DAP
604,SPTBN1
605,NR3C1
606,OPTN
607,PFKFB3
608,DPYD
609,RNF149
610,PICALM
611,NEDD9
612,CHTOP
613,BNIP3L
614,SCAF11
615,RNF19A
616,APOL6
617,WDR83OS
618,STAU1
619,JUP
620,TBL1XR1
621,LRRK2
622,PPT1
623,SELENBP1
624,RNF7
625,NME2
626,COPG1
627,ATP6V1B2
628,ADIPOR1
629,OSMR
630,HMGN3
631,CDC42SE1
632,SLFN5
633,FAM107B
634,ATP2A2
635,LIMCH1
636,HBS1L
637,TUT7
638,CDK5RAP3
639,PTPN1
640,FXYD3
641,PCMTD1
642,RAB27A
643,HEXB
644,EEF1G
645,LMAN2
646,ACTN1
647,TRAF4
648,FBXW7
649,SMIM14
650,FBXL5
651,GLS
652,BLOC1S1
653,EPHX1
654,FBP1
655,SMURF2
656,C11orf96
657,THBS1
658,PKM
659,IL13RA1
660,TAF10
661,NR4A1
662,MARCKS
663,CD99
664,ECE1
665,POLR2A
666,PTMS
667,TMED4
668,SEPTIN9
669,FBLN1
670,ISCU
671,HIGD2A
672,MAF
673,TMEM63A
674,NCKAP1
675,SLC25A39
676,EGFL7
677,ANXA4
678,HOPX
679,ID3
680,TMCO1
681,FSTL1
682,PRRC2C
683,KLHDC2
684,MYO1B
685,CLK1
686,EXT1
687,PRDX2
688,TLN1
689,SPG21
690,HSD17B4
691,ITGA3
692,ARL6IP5
693,PPIB
694,TNFSF10
695,NRDC
696,TMEM248
697,ANKRD11
698,UBB
699,PRPF40A
700,RBL2
701,LMO7
702,EPS15
703,CUX1
704,TAP1
705,PPDPF
706,HIPK2
707,STT3A
708,NUDC
709,ARPC4
710,ATP2C1
711,SEC11C
712,NPTN
713,LIPA
714,PMPCB
715,ERRFI1
716,ETNK1
717,LAMB2
718,HNRNPDL
719,DRAP1
720,BCL2L1
721,TNFSF13
722,YPEL3
723,KDM5C
724,TRAPPC3
725,PALLD
726,NENF
727,AHSA1
728,ADGRF5
729,PYGB
730,SLC44A2
731,AGER
732,HNRNPL
733,CAPZB
734,HNRNPD
735,MAPKAPK2
736,GPCPD1
737,LTBP4
738,ANAPC11
739,COMT
740,FLOT2
741,BEX3
742,ARID5B
743,TXNL4A
744,RAB5B
745,SRSF4
746,PRMT2
747,ITPR2
748,EXOC7
749,ITGB6
750,SNU13
751,MGST3
752,PRPF6
753,CNOT8
754,RAB3GAP1
755,NFE2L2
756,C4orf3
757,CXCL16
758,JTB
759,G3BP2
760,SUMO2
761,MPV17
762,LRPPRC
763,SCGB3A1
764,FAM3C
765,RBM25
766,HSF1
767,DYNLT1
768,MFAP4
769,COX14
770,CITED2
771,SLC35F5
772,KTN1
773,S100A9
774,CD4
775,ASXL1
776,ATP2B4
777,ATP13A4
778,HSD17B11
779,CAB39
780,BCAM
781,IQGAP1
782,NDUFB5
783,GDI1
784,MYH10
785,TNS1
786,AZIN1
787,ARHGEF1
788,GPBP1L1
789,SBNO2
790,MAL2
791,ENSA
792,ARPC2
793,HOOK3
794,ATP5PD
795,SMAD2
796,PNN
797,KLC1
798,LUC7L2
799,NRP1
800,PDGFRB
801,ERO1A
802,TIAL1
803,NFE2L1
804,SDF4
805,TMBIM1
806,PSMB8
807,ALOX5
808,EIF4A2
809,QSOX1
810,ECHS1
811,SIVA1
812,EMP1
813,SOX4
814,VCAN
815,P4HB
816,SCD
817,IDS
818,GRK2
819,GGA2
820,DBNL
821,GNAI3
822,TC2N
823,RBM47
824,NPEPPS
825,BAZ1B
826,ECPAS
827,CAT
828,MROH1
829,FLII
830,NOP53
831,FBXW2
832,YPEL5
833,RABL6
834,RSRC2
835,CELF1
836,SEL1L
837,ZEB2
838,TNXB
839,CREG1
840,UHMK1
841,WASF2
842,SRRM1
843,HERPUD1
844,GAS6
845,TES
846,PUM2
847,TPD52L2
848,MAST4
849,LPP
850,CIITA
851,GNAI2
852,RB1CC1
853,NEK7
854,STX4
855,ARRB1
856,IFNGR1
857,ATF4
858,DNAJA2
859,PTBP3
860,SENP6
861,LRP10
862,ELL2
863,MS4A7
864,BRD4
865,FMNL2
866,SMARCC1
867,ACAA1
868,URI1
869,KIAA0100
870,SPINT1
871,TJP1
872,DDX24
873,NFIX
874,RAB34
875,NAA38
876,IGFBP5
877,PCM1
878,NDUFB10
879,COX7A2L
880,SLC3A2
881,BACH1
882,PHKB
883,API5
884,NCOR1
885,RNF10
886,ACBD3
887,WDR82
888,ADAM15
889,OSBPL9
890,PDE4D
891,PILRB
892,DOCK1
893,YTHDC1
894,RAP1A
895,APOC1
896,BSDC1
897,STK17B
898,VAMP3
899,PSMD13
900,ZFAND3
901,ST6GAL1
902,DKK3
903,GALNT10
904,HECTD1
905,TMED9
906,DIAPH1
907,FUCA1
908,PHC2
909,TAOK1
910,ARHGEF12
911,OAZ2
912,ZMYM2
913,TMEM259
914,NDUFB11
915,TPPP3
916,POLR1D
917,ODF3B
918,RNF181
919,CYTH1
920,RNH1
921,TAF7
922,PFDN2
923,SMARCA4
924,MDK
925,UQCRB
926,ABHD2
927,CCND3
928,CXCL17
929,LDB1
930,ANTXR1
931,CHMP3
932,EIF4H
933,SH3PXD2A
934,YWHAE
935,CAND1
936,ZMIZ2
937,STUB1
938,LAP3
939,CMIP
940,DEPP1
941,ZRANB2
942,MGAT1
943,BSG
944,BTF3L4
945,TRIM38
946,PPFIBP1
947,STARD10
948,RBM5
949,BCL3
950,NDUFV1
951,WLS
952,AURKAIP1
953,EMC10
954,ANXA6
955,TOB1
956,NDRG1
957,TXNDC11
958,PNRC2
959,FUBP1
960,AKR1B1
961,NDUFA3
962,TRIM27
963,TXNRD1
964,ARF6
965,TMEM176B
966,NNMT
967,COPB2
968,CCDC47
969,METTL26
970,EMC4
971,MYH14
972,CYBB
973,FNBP1
974,RAP2B
975,NDUFB7
976,STAG1
977,AKNA
978,AHCYL2
979,ARRB2
980,MAP2K2
981,RTN3
982,CHURC1
983,SRP54
984,DOCK4
985,CALM3
986,NOTCH3
987,AFF1
988,ADK
989,CASC3
990,CORO1B
991,WBP1
992,CRIP2
993,USP47
994,CPNE1
995,SNX2
996,SLC39A8
997,DCTN1
998,USP22
999,SPCS1
1000,ARID4B
1001,TRIB1
1002,USP48
1003,AHCYL1
1004,MARCKSL1
1005,DRAM1
1006,MAPK1
1007,PBRM1
1008,CASP4
1009,ACTR3
1010,NFIB
1011,THRAP3
1012,SCGB3A2
1013,LONP2
1014,PSMA7
1015,ZBTB1
1016,FLOT1
1017,PDCD6IP
1018,MGAT4B
1019,MEAF6
1020,ARPP19
1021,ITGAV
1022,CMTM3
1023,EFNA1
1024,MT2A
1025,MBIP
1026,NDUFA1
1027,PRPF3
1028,MINK1
1029,METTL9
1030,ARPC5
1031,DPYSL3
1032,PGRMC1
1033,MICAL2
1034,LAMP2
1035,NDUFAF8
1036,GOLM1
1037,C9orf16
1038,IRF1
1039,ATP6V0B
1040,RNF130
1041,F3
1042,RAPH1
1043,GAK
1044,KIF13A
1045,EMP2
1046,NPDC1
1047,LMO3
1048,FARP1
1049,TNFAIP3
1050,PPP6R3
1051,PLEKHO1
1052,XRN2
1053,DYRK1A
1054,SAFB
1055,ITCH
1056,RER1
1057,RTN4
1058,RESF1
1059,KIAA1522
1060,PTPRK
1061,SKI
1062,AK1
1063,CLSTN1
1064,PNPLA2
1065,ZNF638
1066,PSMB10
1067,VPS28
1068,NAP1L4
1069,HNRNPC
1070,INTS11
1071,HGS
1072,ATP6V0D1
1073,BTBD9
1074,STEAP4
1075,SCPEP1
1076,CCDC50
1077,CTSA
1078,PRRC2B
1079,DDR1
1080,KMT5B
1081,PFDN5
1082,AGFG1
1083,LAMC1
1084,EFHD2
1085,CREBZF
1086,TPR
1087,HADHA
1088,UBE2Q1
1089,PTPRS
1090,CGGBP1
1091,PIM3
1092,PDHA1
1093,DAB2
1094,ERLEC1
1095,HIPK1
1096,DNAJC21
1097,EIF2AK1
1098,CDC73
1099,SYAP1
1100,TMEM41B
1101,SETX
1102,SMIM7
1103,UBXN6
1104,MMP14
1105,PRKAB1
1106,CYTH2
1107,C6orf62
1108,TRABD
1109,SURF4
1110,LSP1
1111,DBI
1112,PSMB1
1113,SEC13
1114,PPP4C
1115,DCTN4
1116,NME3
1117,APRT
1118,MMP24OS
1119,SUN2
1120,CCPG1
1121,CASK
1122,TMED2
1123,ALKBH5
1124,AAMP
1125,DTX3L
1126,MRC2
1127,MANF
1128,RAB7A
1129,LSR
1130,SEPTIN2
1131,DAP3
1132,MET
1133,COX6A1
1134,CNTRL
1135,SSRP1
1136,AKAP11
1137,SELENOM
1138,HEXA
1139,CLDN7
1140,MRFAP1L1
1141,PHPT1
1142,BAZ2B
1143,STX7
1144,ACP5
1145,DPP7
1146,GRSF1
1147,RAB1B
1148,CCT6A
1149,PRSS23
1150,TMX2
1151,ADIRF
1152,PSMC5
1153,TMC5
1154,PDIA6
1155,ABR
1156,OSBPL8
1157,DUS1L
1158,TOMM20
1159,CDC42SE2
1160,ANAPC5
1161,PMP22
1162,B4GALT5
1163,CFAP298
1164,SH3GLB1
1165,KIF1B
1166,PARM1
1167,UBE2G2
1168,SHC1
1169,ACOX1
1170,NDUFS2
1171,ACSL5
1172,TRIM44
1173,CFD
1174,SCNN1A
1175,NELFCD
1176,TMOD3
1177,FASN
1178,EIF4E2
1179,PRPF4B
1180,CYP4B1
1181,RAB2A
1182,REV1
1183,CUL3
1184,SRI
1185,ATF7IP
1186,TNFAIP2
1187,DAPK1
1188,STXBP2
1189,CCDC80
1190,BRD1
1191,SNX17
1192,EHMT1
1193,RNF187
1194,TNKS1BP1
1195,CHP1
1196,STX12
1197,TKT
1198,ZMAT2
1199,CMPK1
1200,EXOC3
1201,BNIP2
1202,UACA
1203,PSMD3
1204,ATP6V0E1
1205,ABCA1
1206,TMEM263
1207,MLEC
1208,PPP3CB
1209,EPS8L2
1210,RNF115
1211,PRKG1
1212,HDGF
1213,SUPT6H
1214,LTBR
1215,PRDX5
1216,SMAD3
1217,MFSD1
1218,APH1A
1219,MKNK2
1220,STK4
1221,PEAK1
1222,BLVRA
1223,POGK
1224,CHMP4B
1225,EDEM3
1226,PTP4A3
1227,ARFGAP3
1228,HDAC7
1229,NCBP2
1230,SKIL
1231,IGF2R
1232,CCNL1
1233,TMF1
1234,SCARB2
1235,SMDT1
1236,TRAK1
1237,RTF2
1238,RARA
1239,FOXO3
1240,BUD31
1241,SNX14
1242,UQCRC1
1243,IVNS1ABP
1244,TPM4
1245,DDIT4
1246,SLC22A31
1247,POGZ
1248,PGD
1249,COTL1
1250,EIF2AK2
1251,ROCK1
1252,TRPC4AP
1253,EFEMP1
1254,MXD4
1255,FNBP4
1256,SH3BP5
1257,RAB12
1258,U2SURP
1259,BET1L
1260,DMTF1
1261,VWF
1262,SORBS3
1263,SLC44A1
1264,P4HA1
1265,DUSP22
1266,CYSTM1
1267,RUFY1
1268,SPRED1
1269,RIN2
1270,REL
1271,CAPRIN1
1272,TGFBI
1273,OSTF1
1274,TBCB
1275,CD24
1276,FBXO7
1277,APOL2
1278,FAM193B
1279,PSMF1
1280,HMGN1
1281,GRB2
1282,CDC16
1283,ATP6AP1
1284,DDAH1
1285,APEX1
1286,DERL1
1287,SEPTIN11
1288,AQP3
1289,PARVA
1290,RBM39
1291,PXN
1292,MAT2B
1293,KIDINS220
1294,INO80E
1295,NFAT5
1296,ATP1A1
1297,RAB6A
1298,TSPYL1
1299,PUM1
1300,LAMB1
1301,GSR
1302,BPTF
1303,ZFP91
1304,CHMP1B
1305,CREBL2
1306,CRIM1
1307,CAPN1
1308,DOCK5
1309,NIPBL
1310,PRKCD
1311,POLR2H
1312,DDAH2
1313,ARHGAP29
1314,GPAA1
1315,PTOV1
1316,GTF2I
1317,LARP4
1318,CYFIP1
1319,ARF1
1320,CAPZA2
1321,PPP1R10
1322,VHL
1323,COL18A1
1324,MORF4L1
1325,PPP1R9B
1326,ITGBL1
1327,PPP1CA
1328,GUCD1
1329,USP32
1330,RAB8A
1331,SLC20A1
1332,NDUFS5
1333,HERC4
1334,CTBP2
1335,NDUFA10
1336,TSPAN4
1337,EMC2
1338,PPP2R5A
1339,CYC1
1340,SET
1341,HTT
1342,ARHGDIA
1343,SUSD6
1344,HP1BP3
1345,FOSB
1346,PDCD6
1347,BCL2L13
1348,PYURF
1349,TGIF1
1350,GDE1
1351,PPP1R12C
1352,RNF44
1353,ARPC3
1354,MAP7D1
1355,PPM1B
1356,PLTP
1357,EIF4E3
1358,SMCHD1
1359,SELENON
1360,IFI44
1361,TNS3
1362,ITFG1
1363,NDNF
1364,UBE2B
1365,BLVRB
1366,PPIA
1367,RFTN1
1368,IL7R
1369,POLR2I
1370,SETD3
1371,CHID1
1372,SMARCA2
1373,SPEN
1374,LRCH4
1375,HPGD
1376,GNL3
1377,ATF2
1378,IARS2
1379,ELAVL1
1380,DUSP6
1381,GJA1
1382,MEGF6
1383,PYCR2
1384,PDIA3
1385,TMCO3
1386,DIDO1
1387,ID1
1388,LIN7C
1389,ITGAX
1390,LRIG1
1391,YKT6
1392,TNFRSF12A
1393,MYO1D
1394,PLSCR1
1395,ST6GALNAC6
1396,SPRY1
1397,EMC7
1398,CXCR4
1399,NFIC
1400,PPP4R3B
1401,CNPY3
1402,ATP5MG
1403,ARPC5L
1404,KMT2D
1405,ALDH9A1
1406,TMEM106B
1407,VPS41
1408,SIN3B
1409,TM7SF3
1410,CGN
1411,PSMB9
1412,NUFIP2
1413,RBX1
1414,TMEM125
1415,DCAF7
1416,DLC1
1417,RNF40
1418,IRF3
1419,WASHC4
1420,TBC1D2B
1421,TMEM184B
1422,MAP4K4
1423,SDHB
1424,DDX46
1425,EIF1B
1426,CUTA
1427,TFPI
1428,PERP
1429,EIF6
1430,CSTB
1431,HYOU1
1432,RASA1
1433,PSMB5
1434,RAF1
1435,TNFRSF14
1436,NFKB2
1437,VCL
1438,CELF2
1439,MORC3
1440,LYN
1441,PPP6R2
1442,LRRFIP2
1443,DUSP3
1444,RGS1
1445,FCER1G
1446,DCAF12
1447,ANKRD17
1448,UBP1
1449,PPP1R7
1450,BIRC6
1451,PPM1A
1452,KAT6A
1453,EIF4A3
1454,ABCC3
1455,DLGAP4
1456,DCTN2
1457,AP3D1
1458,YIPF3
1459,PPP1R18
1460,NHP2
1461,ARHGAP35
1462,SNX30
1463,C7orf50
1464,SQOR
1465,EGLN1
1466,FAM111A
1467,HSPH1
1468,TRIOBP
1469,SRRM2
1470,TBC1D14
1471,DNAJC3
1472,GAA
1473,NRBP1
1474,SORT1
1475,NET1
1476,FOLR1
1477,ZC3H15
1478,PDLIM1
1479,ITGB5
1480,BRD7
1481,CAPNS1
1482,TAP2
1483,USP3
1484,PRPF38B
1485,ATP6V1F
1486,FNIP1
1487,MDFIC
1488,MT-ND3
1489,DDX42
1490,SAFB2
1491,C7
1492,ANXA7
1493,GADD45GIP1
1494,TNIK
1495,SNF8
1496,COX7A2
1497,KLHL24
1498,PKD2
1499,CADPS2
1500,DHRS7
1501,MYADM
1502,PRKDC
1503,ZNF24
1504,PHF20L1
1505,CTSL
1506,TBC1D5
1507,EPN1
1508,MFF
1509,SUPT5H
1510,NISCH
1511,SEC14L1
1512,COLGALT1
1513,PRKAA1
1514,AKAP1
1515,NT5C2
1516,SRP9
1517,USP15
1518,CBX3
1519,NCF2
1520,POLR2E
1521,STRN3
1522,CUL1
1523,MIA3
1524,MARK3
1525,LAMA4
1526,KXD1
1527,CSTF3
1528,CNOT11
1529,ELOVL5
1530,ECHDC1
1531,PTPA
1532,NXF1
1533,TXNL1
1534,NFIL3
1535,ST3GAL5
1536,VPS37B
1537,CUL4A
1538,NUMB
1539,MT-ND5
1540,CADM1
1541,SCGB1A1
1542,DDX3X
1543,LMBRD1
1544,KHDC4
1545,ALG13
1546,BTAF1
1547,CLIC4
1548,RABAC1
1549,HBP1
1550,ITGA1
1551,NECAP2
1552,IKZF1
1553,SPAG7
1554,ADAM9
1555,PIK3R1
1556,WIPF1
1557,CASP8
1558,USP33
1559,EMD
1560,EWSR1
1561,PAFAH1B2
1562,UBAP2L
1563,ADA2
1564,PLAUR
1565,C16orf72
1566,UBE2J1
1567,MX1
1568,PHYKPL
1569,AQP4
1570,ZFC3H1
1571,VASH1
1572,PITPNB
1573,TCIRG1
1574,FURIN
1575,DEK
1576,ABCC4
1577,LIMD1
1578,PHIP
1579,SMAP2
1580,ATXN2
1581,C2
1582,PPP1R12A
1583,ARL2
1584,CALCOCO1
1585,SLC25A16
1586,FKBP8
1587,GOSR2
1588,HCLS1
1589,INMT
1590,SMC4
1591,HPCAL1
1592,SLC30A9
1593,METTL7A
1594,USP53
1595,LIFR
1596,CYB5B
1597,NDUFS4
1598,ADRM1
1599,ESYT1
1600,LPIN2
1601,SECISBP2L
1602,GCC2
1603,NAPA
1604,TPGS2
1605,MALL
1606,MLF2
1607,NFX1
1608,KCTD20
1609,CPEB4
1610,RGS5
1611,ARID1A
1612,SNX6
1613,MARK2
1614,SMIM15
1615,ETFB
1616,AEBP2
1617,PHF10
1618,PPP1R15B
1619,ELK4
1620,TOX4
1621,TMUB2
1622,PBXIP1
1623,CHMP2A
1624,USO1
1625,ARL2BP
1626,KANSL1
1627,RXRA
1628,RTRAF
1629,SF3B1
1630,TLK1
1631,IRF2BP2
1632,CHD3
1633,C19orf33
1634,TOR1AIP1
1635,ADAMTS1
1636,NCSTN
1637,ITPRID2
1638,PHF3
1639,PML
1640,WIPI2
1641,HELZ
1642,MTA1
1643,CCDC14
1644,SH3RF1
1645,PRDM2
1646,EHD1
1647,FBLN5
1648,MGLL
1649,EGLN2
1650,PAPSS2
1651,FBXL3
1652,CCSER2
1653,CYBC1
1654,CYBRD1
1655,LRBA
1656,RC3H1
1657,TRAPPC5
1658,SHARPIN
1659,MAPK13
1660,MTSS2
1661,HTRA1
1662,INPPL1
1663,FAM214A
1664,HERPUD2
1665,LAMP3
1666,CCDC92
1667,TMEM245
1668,SHISA5
1669,CSNK1G2
1670,RBMS3
1671,MON2
1672,POLR2B
1673,ADGRE5
1674,ZDHHC20
1675,NIPSNAP2
1676,ROMO1
1677,MDM2
1678,ENY2
1679,DHX36
1680,FAM91A1
1681,MARCO
1682,SDC3
1683,PPP6R1
1684,IBTK
1685,HK1
1686,VWA1
1687,DOCK9
1688,MGST1
1689,SWAP70
1690,TCEAL8
1691,RASSF7
1692,SERINC3
1693,UBR5
1694,GFPT1
1695,CPSF7
1696,MAGED1
1697,ARF5
1698,GRAMD1A
1699,FAM120AOS
1700,SMURF1
1701,DYNC1I2
1702,UCP2
1703,SNRPB
1704,OCIAD2
1705,CFDP1
1706,NR2F2
1707,ENC1
1708,NBR1
1709,CHST11
1710,UBE2L6
1711,PHACTR2
1712,PCBD1
1713,SMARCC2
1714,ACAP2
1715,ACTR1B
1716,ATP6AP2
1717,GLUD1
1718,ERBB2
1719,CNOT2
1720,TXLNA
1721,SOD3
1722,CXCL2
1723,HSPA1B
1724,CEP350
1725,CDIPT
1726,CSNK1E
1727,AKAP8L
1728,CHKB
1729,SNRK
1730,CDC42BPA
1731,KLF9
1732,GPATCH2L
1733,VEZF1
1734,NDUFS6
1735,GLRX
1736,KIAA0319L
1737,AIF1
1738,ATP6V1A
1739,TPD52
1740,CCNK
1741,ATF6B
1742,MXRA8
1743,SUN1
1744,CBFB
1745,PLEKHM2
1746,MTUS1
1747,EPB41L2
1748,NABP1
1749,IK
1750,DNAJC5
1751,LIMA1
1752,ANP32E
1753,RTF1
1754,SF3B4
1755,NECTIN2
1756,RASA2
1757,RNF19B
1758,POLDIP3
1759,USP4
1760,ECHDC2
1761,ZNF664
1762,ARMCX3
1763,USF1
1764,TUBB
1765,SARAF
1766,C1orf21
1767,SLCO2B1
1768,SH3GLB2
1769,SAMD4B
1770,KDM3B
1771,SLC12A7
1772,MAFK
1773,RAI14
1774,CAMK2N1
1775,MYO1C
1776,EIF5B
1777,ELOA
1778,SRM
1779,YWHAQ
1780,NTN4
1781,PA2G4
1782,TXNDC12
1783,TRIO
1784,SRPK1
1785,METRNL
1786,SLU7
1787,RAPGEF1
1788,NUB1
1789,IFNAR1
1790,STX3
1791,ZBTB7A
1792,ARPIN
1793,TMEM43
1794,SS18
1795,LARP4B
1796,SPECC1L
1797,GOLIM4
1798,SAP18
1799,HSPE1
1800,ZSWIM8
1801,SPPL2A
1802,TRIP10
1803,FLNB
1804,C16orf89
1805,UBL5
1806,WBP1L
1807,MAP2K3
1808,MS4A6A
1809,ZNF358
1810,S100A14
1811,MSI2
1812,PPP3CA
1813,PCNX1
1814,AP1B1
1815,GSE1
1816,UGDH
1817,C1orf116
1818,WASL
1819,CWC15
1820,MYDGF
1821,PPWD1
1822,CNPY2
1823,ARAF
1824,LCOR
1825,PITPNA
1826,SUGP2
1827,CD52
1828,KRTCAP2
1829,SRP19
1830,CAPN7
1831,DYM
1832,ATF3
1833,BAIAP2L1
1834,OCLN
1835,UBXN1
1836,TALDO1
1837,OGDH
1838,TENT2
1839,POLDIP2
1840,STK39
1841,IDH2
1842,NDUFAB1
1843,MEF2D
1844,ITPKC
1845,FAM114A1
1846,SLFN11
1847,ST14
1848,FMO2
1849,RGL2
1850,PEX2
1851,ZMPSTE24
1852,SECISBP2
1853,CAVIN1
1854,ATP5MF
1855,TYK2
1856,GOLGA2
1857,HM13
1858,DDRGK1
1859,ADD3
1860,COX8A
1861,UBE2E3
1862,APOL1
1863,RNF141
1864,SMS
1865,UBE2V1
1866,ATRAID
1867,MAP3K11
1868,IGFBP2
1869,GSDMD
1870,ESD
1871,SMAD7
1872,TUT4
1873,LAMA5
1874,EIF4G2
1875,UBR4
1876,SF3B5
1877,JAK1
1878,ORMDL3
1879,PTAR1
1880,MCM7
1881,GIPC1
1882,TENT4A
1883,STK25
1884,SSR4
1885,ANKRD13A
1886,AMFR
1887,EI24
1888,CKB
1889,STX10
1890,STARD3NL
1891,LSM4
1892,CD276
1893,KDM5A
1894,KANSL3
1895,MCCC1
1896,CIB1
1897,VKORC1
1898,YWHAG
1899,JDP2
1900,PPHLN1
1901,RBM17
1902,DCTD
1903,SEC61A1
1904,SYMPK
1905,GGNBP2
1906,NDUFC2
1907,SAR1B
1908,UXT
1909,NUDT3
1910,PABPC1L
1911,CLCC1
1912,SPG11
1913,NUDT21
1914,C4BPA
1915,KLF10
1916,PCYOX1
1917,ENTPD4
1918,LIMS2
1919,PACSIN2
1920,SYNE1
1921,BCR
1922,TMEM50B
1923,HSPG2
1924,CD163
1925,DNAJB11
1926,INHBA
1927,GUSB
1928,SF3B3
1929,VPS4A
1930,ITGB2
1931,UQCR11
1932,WDFY1
1933,VPS45
1934,GNG10
1935,KLHL5
1936,ASAP1
1937,DLG1
1938,ARHGAP12
1939,PRSS8
1940,SND1
1941,ROCK2
1942,COPS2
1943,DDX23
1944,MIER1
1945,CD14
1946,RAPGEF5
1947,CPE
1948,SELENOT
1949,PTK2B
1950,EXOC4
1951,FNBP1L
1952,TMEM109
1953,SMARCB1
1954,MSR1
1955,CHD4
1956,RAP2A
1957,C1orf43
1958,SNAP23
1959,BTBD2
1960,ISG15
1961,CDH11
1962,PHLDB1
1963,HNRNPLL
1964,EGFR
1965,ATAD1
1966,NFKB1
1967,CANX
1968,CARHSP1
1969,PPP6C
1970,NDUFC1
1971,SLC1A5
1972,PDLIM7
1973,NPNT
1974,RO60
1975,ADPGK
1976,VPS35L
1977,GADD45B
1978,MYO9B
1979,IWS1
1980,OCIAD1
1981,ITSN2
1982,ZFR
1983,PHF1
1984,SOD1
1985,MECOM
1986,EIF1
1987,TNFRSF21
1988,ELOVL1
1989,SP3
1990,RGS3
1991,KLF4
1992,RHOT1
1993,PCMTD2
1994,SRSF3
1995,CALCRL
1996,WDR45B
1997,OSBP
1998,TIMM10B
1999,RPN1
2000,UBLCP1
2001,MLX
2002,CHD1
2003,TMC6
2004,NUS1
2005,ATP5ME
2006,KIAA1217
2007,EEA1
2008,ATF6
2009,PLEKHO2
2010,ZNF106
2011,BTBD1
2012,PMM1
2013,ZBTB38
2014,IDH3B
2015,HSDL2
2016,CERT1
2017,RRAS
2018,TMEM14C
2019,PTK7
2020,CHSY1
2021,MACC1
2022,STX2
2023,CDK9
2024,DVL3
2025,PKIG
2026,ARFGEF1
2027,ICA1
2028,BCL6
2029,SLC25A24
2030,PHC3
2031,VAPA
2032,PPIG
2033,ZC3HAV1
2034,VPS36
2035,CKLF
2036,UAP1
2037,AMOTL2
2038,YIPF4
2039,DCAF5
2040,FBN1
2041,EPC1
2042,COX4I1
2043,UBE2Z
2044,OTUD5
2045,NUP58
2046,LGALS8
2047,ARHGAP26
2048,IMMT
2049,MED25
2050,IGFBP3
2051,RAB21
2052,CORO1A
2053,AKT3
2054,NCOA4
2055,SON
2056,AGR3
2057,ARL4C
2058,ID2
2059,MCRS1
2060,SVIL
2061,TRAPPC9
2062,TCEA3
2063,R3HDM2
2064,SESTD1
2065,LRRC47
2066,RAD23A
2067,MAN2B1
2068,COPZ1
2069,SDCCAG8
2070,SLBP
2071,DPM1
2072,AVL9
2073,DAG1
2074,PGRMC2
2075,HDAC1
2076,NUP98
2077,NSA2
2078,UBE3A
2079,EIF3G
2080,EIF4B
2081,KLF5
2082,TMPRSS2
2083,ABI3BP
2084,BANF1
2085,APPL1
2086,IQSEC1
2087,ARL8A
2088,DDT
2089,SREBF2
2090,UBE3C
2091,AGPAT1
2092,CCDC88A
2093,RHOT2
2094,AIMP1
2095,FOXN3
2096,DENND11
2097,SERBP1
2098,TBC1D15
2099,HES1
2100,NSUN2
2101,RGL1
2102,TNKS2
2103,TMEM168
2104,CFH
2105,COLEC12
2106,HUWE1
2107,MPHOSPH8
2108,STARD3
2109,TTYH3
2110,ANKRD28
2111,LEMD2
2112,SCAMP2
2113,DUSP23
2114,ITPR1
2115,SPTLC2
2116,R3HDM4
2117,USP16
2118,DHX9
2119,CTNNBIP1
2120,PPP4R3A
2121,HMCN1
2122,FDFT1
2123,PTPRM
2124,HSPB8
2125,ZNF33A
2126,TASOR
2127,CPNE3
2128,RALGAPB
2129,CCDC124
2130,STXBP1
2131,CCNY
2132,CUL5
2133,ETV6
2134,NAB1
2135,COPE
2136,TIMM13
2137,PURB
2138,ANKFY1
2139,GTPBP6
2140,CREBRF
2141,VPS13A
2142,MSL1
2143,CAVIN2
2144,ZMYM4
2145,NAA60
2146,REEP3
2147,TNRC18
2148,MRTFA
2149,CKAP4
2150,ZNF410
2151,COL14A1
2152,THOC2
2153,WDTC1
2154,CCDC12
2155,SDHA
2156,PSMC4
2157,PSME4
2158,PSMB2
2159,ARIH2
2160,PGM1
2161,AUP1
2162,PCF11
2163,NCOA3
2164,EIF4G1
2165,PACS1
2166,RNASEK
2167,ATP11B
2168,BROX
2169,FBXW4
2170,FNTA
2171,MAP3K2
2172,LIX1L
2173,GNB4
2174,PIP5K1A
2175,ERICH1
2176,INPP5B
2177,FILIP1L
2178,MAP3K7
2179,TXNDC15
2180,NUTF2
2181,SCAMP4
2182,NPEPL1
2183,MRC1
2184,PARD3
2185,COPS6
2186,LDLR
2187,SSU72
2188,ATP5F1B
2189,TRA2B
2190,RHOBTB3
2191,SORL1
2192,TPRG1L
2193,PIM2
2194,SYNRG
2195,SNX25
2196,BCAR1
2197,BCL2L2
2198,SNX19
2199,RNF11
2200,CRISPLD2
2201,SMAD4
2202,SPOP
2203,MTG1
2204,TFE3
2205,TTLL5
2206,QRICH1
2207,ANXA3
2208,RAB18
2209,MEF2A
2210,CDC42EP1
2211,CHPF
2212,CTHRC1
2213,ARMH3
2214,ELF1
2215,SNRNP70
2216,RAB25
2217,COA3
2218,DESI2
2219,SNX4
2220,AP2A1
2221,EPS8
2222,HMG20B
2223,SDR39U1
2224,NUP153
2225,PLA2G12A
2226,ACACA
2227,CHMP1A
2228,PRNP
2229,POR
2230,SEM1
2231,MFGE8
2232,JOSD1
2233,IFRD1
2234,CPSF6
2235,UNC50
2236,ZBTB44
2237,SCAF8
2238,ANK3
2239,GATAD2B
2240,CDC42BPB
2241,ORMDL1
2242,MAGT1
2243,AXL
2244,TRAP1
2245,PUF60
2246,PRELP
2247,SEC63
2248,CUL4B
2249,TNC
2250,TCERG1
2251,KPNB1
2252,PRPF39
2253,USP24
2254,NDUFAF3
2255,POSTN
2256,PLEKHA5
2257,MOGS
2258,SACM1L
2259,MYD88
2260,LEPROTL1
2261,TNPO3
2262,SPSB1
2263,ARHGEF17
2264,ERCC1
2265,ABI1
2266,MOCS2
2267,ILF2
2268,NOTCH2
2269,MPZL2
2270,MGRN1
2271,SELENOK
2272,FNIP2
2273,GNPTG
2274,ERN1
2275,ZNHIT1
2276,MAN1A1
2277,AGPAT3
2278,PCGF3
2279,KDM3A
2280,PI4KB
2281,MICALL2
2282,ATP5F1D
2283,TNS2
2284,NRBP2
2285,DECR1
2286,AGPAT2
2287,ATP9B
2288,FOSL2
2289,TADA3
2290,ATP9A
2291,SNX27
2292,CCNDBP1
2293,ATXN7L3B
2294,ZCRB1
2295,HERC2
2296,MAP3K5
2297,ERGIC1
2298,RABGGTB
2299,TGFBR1
2300,SRRT
2301,DNAJC7
2302,SF3B2
2303,ATL2
2304,CREB1
2305,EIF2S1
2306,SLC8A1
2307,EXOC5
2308,SRP68
2309,SP110
2310,TRIM25
2311,PDZD8
2312,CDKN1B
2313,NEMF
2314,MED15
2315,FXYD6
2316,DSP
2317,PURA
2318,STRAP
2319,SMTN
2320,UBE2R2
2321,SH3BGRL
2322,NKD2
2323,TP53BP2
2324,SLC2A4RG
2325,AGR2
2326,ACO2
2327,KHNYN
2328,ABRACL
2329,AGAP1
2330,SLC15A3
2331,ARFIP2
2332,CLK4
2333,AKAP17A
2334,MRNIP
2335,MAP4K5
2336,ABL1
2337,PSENEN
2338,YTHDF2
2339,VAMP2
2340,HCFC1R1
2341,YTHDC2
2342,RAB4A
2343,TRIP6
2344,STX6
2345,PLEKHF2
2346,HMGN4
2347,ZDHHC16
2348,GATAD2A
2349,NDST1
2350,PDHB
2351,SPOCK2
2352,CXCL12
2353,CELSR1
2354,INTS10
2355,CES1
2356,SCYL1
2357,UBTF
2358,AKIRIN2
2359,SAT2
2360,CKAP5
2361,MAX
2362,GGA1
2363,DELE1
2364,TLR2
2365,SFPQ
2366,DNAJB1
2367,CCND2
2368,DUSP16
2369,NAMPT
2370,PTPN13
2371,ACOT9
2372,RPN2
2373,COG4
2374,PAN3
2375,SNTB1
2376,BEX4
2377,FEM1B
2378,TNFRSF10B
2379,NDUFB8
2380,TMBIM4
2381,NLRC5
2382,BCAP31
2383,OTUB1
2384,RAC2
2385,TANC2
2386,YY1AP1
2387,PCMT1
2388,FYTTD1
2389,TMEM106C
2390,ABLIM1
2391,RTCB
2392,OPA1
2393,TRIM4
2394,SMC1A
2395,PRR14
2396,VPS53
2397,WDR6
2398,SLC30A1
2399,PSMC2
2400,CCDC85B
2401,TMEM33
2402,PRMT1
2403,COL5A2
2404,KLF3
2405,BOD1L1
2406,FBXW5
2407,SCFD1
2408,NAB2
2409,RHBDD2
2410,RC3H2
2411,SRC
2412,SERPINE1
2413,HSBP1
2414,GPS1
2415,TOMM5
2416,COL8A1
2417,TEN1
2418,SREBF1
2419,ATP6V1E1
2420,ZNF532
2421,CREBBP
2422,ATOX1
2423,MCAM
2424,TTC37
2425,TAF1D
2426,EPB41L5
2427,ACTR10
2428,SERPINF1
2429,RAPGEF2
2430,JPT2
2431,IER5
2432,SRSF9
2433,VDAC3
2434,ZDHHC7
2435,BABAM1
2436,HTATIP2
2437,CAMSAP2
2438,MTR
2439,RETREG3
2440,RNF103
2441,NOP58
2442,ACAP3
2443,SPATA20
2444,SIGIRR
2445,KPNA1
2446,E2F4
2447,IP6K2
2448,ACAT1
2449,DDB1
2450,EMILIN1
2451,SHTN1
2452,AP2A2
2453,CSGALNACT2
2454,PSMB4
2455,GSK3B
2456,BAIAP2
2457,MGAT4A
2458,STK11
2459,KIF1C
2460,UBE2H
2461,CAP1
2462,OTULIN
2463,CDS2
2464,CHD8
2465,ARFRP1
2466,ZNRF2
2467,CCM2
2468,CAPS
2469,HSPA5
2470,PLSCR4
2471,MIF
2472,IFI44L
2473,AP3B1
2474,CD82
2475,ERP44
2476,SRA1
2477,RMND5A
2478,DDX6
2479,PAWR
2480,CLDND1
2481,C11orf54
2482,ITGA5
2483,RFX5
2484,LRP5
2485,N4BP1
2486,AFTPH
2487,MAOA
2488,PIEZO1
2489,CNST
2490,FBXO9
2491,ARRDC1
2492,CMTM6
2493,SLMAP
2494,RAB5IF
2495,IFITM2
2496,CD53
2497,PEX13
2498,CRLS1
2499,DR1
2500,CSF1R
2501,HMBOX1
2502,IRF9
2503,GHITM
2504,PER1
2505,BMP2K
2506,NSF
2507,MED4
2508,TUBGCP6
2509,GID8
2510,ENOSF1
2511,ZNF655
2512,MID1IP1
2513,TCF12
2514,PIKFYVE
2515,MTMR12
2516,ACIN1
2517,RNPC3
2518,RASSF4
2519,KDM1A
2520,PSMD9
2521,TAB2
2522,SEC22B
2523,LATS1
2524,ACTR1A
2525,PPP1R8
2526,PDK4
2527,RMDN3
2528,FUS
2529,CLTB
2530,VPS26A
2531,AGTPBP1
2532,MYH11
2533,RAB3IP
2534,MTA2
2535,GALNT1
2536,CDH1
2537,SLC5A3
2538,CDK2AP1
2539,NDE1
2540,PRKRA
2541,DEGS1
2542,PWWP3A
2543,TIA1
2544,FAM126A
2545,ENTPD1
2546,CERS2
2547,MICU1
2548,MAPK3
2549,NES
2550,NUCB2
2551,RARS2
2552,MAPK8IP3
2553,HAGH
2554,ZMYND11
2555,ACSL3
2556,EOGT
2557,BCL9L
2558,SLC39A7
2559,AIP
2560,PRPF8
2561,PSPC1
2562,ENTPD6
2563,PGGHG
2564,CRTC2
2565,STK40
2566,CABIN1
2567,XPR1
2568,IRF7
2569,OGFRL1
2570,XRN1
2571,KDM5B
2572,RPAIN
2573,SHOC2
2574,SNRPC
2575,TAOK2
2576,GOLGB1
2577,TNFSF12
2578,PRPF38A
2579,SFTA2
2580,PITRM1
2581,CLPTM1
2582,TRAK2
2583,ALAS1
2584,CRELD2
2585,MAP3K20
2586,CRYBG1
2587,ATG16L2
2588,PLAU
2589,BCL10
2590,MOB3A
2591,VPS54
2592,UGGT1
2593,RRAD
2594,SEC24C
2595,CCDC102B
2596,METTL17
2597,PHF14
2598,PPP2R2A
2599,STAM2
2600,TIMMDC1
2601,CLASRP
2602,SNTB2
2603,COX6B1
2604,NF2
2605,DEDD
2606,ZMYND8
2607,RHOU
2608,CSK
2609,TCEAL9
2610,CSNK1A1
2611,SUZ12
2612,ZC3H7B
2613,TCF21
2614,TP53INP1
2615,SHROOM3
2616,NRIP1
2617,AKT2
2618,PIM1
2619,ATP6V0C
2620,LLGL2
2621,SDCBP
2622,PIGT
2623,APPL2
2624,NUP107
2625,SPSB3
2626,GNL2
2627,PCBP1
2628,VKORC1L1
2629,RABEP1
2630,TRIM33
2631,RTKN2
2632,THADA
2633,THBS2
2634,POLR2C
2635,TPP2
2636,KCMF1
2637,AGO1
2638,TSC22D4
2639,ARMC8
2640,POLR2G
2641,MEIS1
2642,STX5
2643,BTN3A2
2644,RASSF3
2645,DMBT1
2646,ANKLE2
2647,GCHFR
2648,UBR2
2649,MCMBP
2650,NSMCE1
2651,AGO2
2652,MED8
2653,WDR13
2654,COG5
2655,FGFR1
2656,DAPK3
2657,NIN
2658,ZNF609
2659,ANAPC7
2660,ARHGAP1
2661,HDAC6
2662,UROD
2663,CD37
2664,BAG5
2665,GPR107
2666,UPP1
2667,CLIP4
2668,GUCY1A1
2669,WAPL
2670,UFM1
2671,WSB2
2672,MYO10
2673,RBM14
2674,MYC
2675,STK38
2676,CREM
2677,LIMK1
2678,RSPRY1
2679,IRX3
2680,ZDHHC9
2681,NDRG2
2682,SEC23B
2683,KPNA6
2684,MBNL2
2685,MAML1
2686,PMVK
2687,FOXP4
2688,TRPM7
2689,LMCD1
2690,TMEM9
2691,TTLL3
2692,TCEAL4
2693,TTC17
2694,IREB2
2695,PRKCZ
2696,SLC44A4
2697,CHMP4A
2698,NRAS
2699,RUFY3
2700,RAB8B
2701,FAM89B
2702,GTPBP1
2703,ARL1
2704,PARP4
2705,CLEC2D
2706,VPS52
2707,SNX13
2708,CCL5
2709,NARF
2710,THUMPD1
2711,ADAM17
2712,CYP27A1
2713,NUP188
2714,PTPRA
2715,TSC22D2
2716,SMARCA1
2717,MAP3K3
2718,LYST
2719,CNOT6
2720,POFUT2
2721,SHFL
2722,GEM
2723,SP1
2724,UBA7
2725,OGFR
2726,IRF2BPL
2727,PHLDB2
2728,UBA2
2729,RIOK3
2730,MLLT1
2731,SDF2L1
2732,SPRY4
2733,FAF1
2734,MTMR3
2735,HSPD1
2736,OXA1L
2737,INTS8
2738,AMOTL1
2739,PSMD6
2740,DRAM2
2741,EVI5
2742,YES1
2743,IER3
2744,TBX2
2745,STK38L
2746,PLAAT3
2747,ISG20
2748,EBNA1BP2
2749,EHD4
2750,MAPK1IP1L
2751,VTI1B
2752,COQ4
2753,MMP7
2754,NOTCH1
2755,DENND4A
2756,ARNT
2757,TOM1
2758,CFI
2759,HNRNPR
2760,ARHGAP4
2761,CMTR1
2762,FAM199X
2763,CTSK
2764,CDC5L
2765,ADGRG1
2766,KDM7A
2767,SRCAP
2768,PBX1
2769,CTNNB1
2770,PLOD1
2771,NUDCD3
2772,COA4
2773,TSN
2774,TSTD1
2775,TOR1AIP2
2776,CRYZ
2777,MANBA
2778,AZI2
2779,NUP160
2780,TRIM2
2781,TMEM68
2782,TIPARP
2783,ANAPC4
2784,GIGYF1
2785,EFNB2
2786,IRF8
2787,SUGT1
2788,FER
2789,RICTOR
2790,TRAF7
2791,RELA
2792,IFIT3
2793,AUTS2
2794,SH2B1
2795,FGD6
2796,ITPK1
2797,B3GNT2
2798,RPRD1A
2799,PQBP1
2800,C1RL
2801,IKBKG
2802,GYPC
2803,PLEKHH2
2804,CCT8
2805,TMEM165
2806,ERGIC2
2807,SH3GL1
2808,TWF2
2809,FMNL1
2810,VEZT
2811,PREPL
2812,DDX27
2813,APMAP
2814,NOP56
2815,PNKD
2816,CAMK2D
2817,SIL1
2818,THEMIS2
2819,CDC25B
2820,BTN3A1
2821,MCRIP1
2822,TSNAX
2823,EAPP
2824,CTBS
2825,PDE8A
2826,PHF12
2827,RBCK1
2828,AGPS
2829,RNF145
2830,NDUFB6
2831,ATP6V1G1
2832,PDCD10
2833,RALGDS
2834,TMEM167A
2835,MCTP2
2836,PAXX
2837,SUSD2
2838,DOT1L
2839,RBM42
2840,ARID4A
2841,RNF114
2842,MPP7
2843,AKAP12
2844,KIAA2013
2845,STAMBP
2846,IMMP2L
2847,GIMAP4
2848,ACYP2
2849,ELP2
2850,USP1
2851,PEX19
2852,LNPEP
2853,UBE4A
2854,NME4
2855,WWOX
2856,CP
2857,FRYL
2858,ECI2
2859,KIAA1191
2860,ARHGEF10L
2861,KAT2B
2862,KDSR
2863,COL16A1
2864,NPC1
2865,DGUOK
2866,SLC25A37
2867,SMARCD2
2868,ALG5
2869,BUD23
2870,MICAL1
2871,SRSF11
2872,DENND4C
2873,PSMD10
2874,SFXN3
2875,DHX30
2876,SAMD9L
2877,SCO2
2878,KIAA2026
2879,APOBEC3C
2880,TDP2
2881,LRRFIP1
2882,USP14
2883,TAPT1
2884,SLC12A4
2885,IFT20
2886,BSCL2
2887,ATXN7
2888,CLEC16A
2889,SLC4A2
2890,LSM7
2891,CYTIP
2892,CIR1
2893,GRIPAP1
2894,SMAD5
2895,ZNF292
2896,MYO15B
2897,PHF2
2898,CYLD
2899,CRK
2900,MEA1
2901,RYBP
2902,PPP3R1
2903,LRCH3
2904,PGLS
2905,KDELR2
2906,PAK4
2907,GTF3C1
2908,TRAPPC10
2909,VPS39
2910,GNG12
2911,DNAJA4
2912,TBC1D22A
2913,SLC29A1
2914,ARFGEF2
2915,NKTR
2916,SPCS3
2917,INTS3
2918,ROS1
2919,KANSL1L
2920,STXBP3
2921,RCOR1
2922,MED13L
2923,POLR3H
2924,SLC12A2
2925,ALG2
2926,PRXL2A
2927,ADGRL2
2928,NEU1
2929,ATG13
2930,PAM16
2931,PCDH1
2932,SLAIN2
2933,CYP20A1
2934,BRD8
2935,RAPGEF6
2936,UBAC1
2937,SGSM2
2938,EBAG9
2939,HYI
2940,RNF167
2941,PMF1
2942,SBF1
2943,ARHGAP17
2944,PXDN
2945,PKN1
2946,LRP6
2947,OAS2
2948,TMX4
2949,MAPK14
2950,ZBTB20
2951,DNM1L
2952,CDKN1A
2953,WWC3
2954,TMEM179B
2955,AMIGO2
2956,TMEM9B
2957,BCLAF3
2958,ZRANB1
2959,GORASP2
2960,TRIQK
2961,UPF1
2962,EIF3L
2963,DDX56
2964,DPY30
2965,SEC24D
2966,GIMAP7
2967,SYF2
2968,SAP30BP
2969,PITHD1
2970,DSE
2971,FAM174C
2972,FAM177A1
2973,RAB35
2974,STK3
2975,ABCA3
2976,NRP2
2977,RALGAPA2
2978,BCL7C
2979,GOLGA3
2980,RBFOX2
2981,COX11
2982,LZTS2
2983,RING1
2984,PAPSS1
2985,FCHSD2
2986,UBA1
2987,RAD23B
2988,PTPRJ
2989,ZNF331
2990,POLR2K
2991,NUP85
2992,MED13
2993,VAMP5
2994,KBTBD2
2995,NMT1
2996,CFB
2997,CPD
2998,PHLDA1
2999,SURF1
